datadate,turbulence
20130102,0.0
20130103,0.0
20130104,0.0
20130107,0.0
20130108,0.0
20130109,0.0
20130110,0.0
20130111,0.0
20130114,0.0
20130115,0.0
20130116,0.0
20130117,0.0
20130118,0.0
20130122,0.0
20130123,0.0
20130124,0.0
20130125,0.0
20130128,0.0
20130129,0.0
20130130,0.0
20130131,0.0
20130201,0.0
20130204,0.0
20130205,0.0
20130206,0.0
20130207,0.0
20130208,0.0
20130211,0.0
20130212,0.0
20130213,0.0
20130214,0.0
20130215,0.0
20130219,0.0
20130220,0.0
20130221,0.0
20130222,0.0
20130225,0.0
20130226,0.0
20130227,0.0
20130228,0.0
20130301,0.0
20130304,0.0
20130305,0.0
20130306,0.0
20130307,0.0
20130308,0.0
20130311,0.0
20130312,0.0
20130313,0.0
20130314,0.0
20130315,0.0
20130318,0.0
20130319,0.0
20130320,0.0
20130321,0.0
20130322,0.0
20130325,0.0
20130326,0.0
20130327,0.0
20130328,0.0
20130401,0.0
20130402,0.0
20130403,0.0
20130404,0.0
20130405,0.0
20130408,0.0
20130409,0.0
20130410,0.0
20130411,0.0
20130412,0.0
20130415,0.0
20130416,0.0
20130417,0.0
20130418,0.0
20130419,0.0
20130422,0.0
20130423,0.0
20130424,0.0
20130425,0.0
20130426,0.0
20130429,0.0
20130430,0.0
20130501,0.0
20130502,0.0
20130503,0.0
20130506,0.0
20130507,0.0
20130508,0.0
20130509,0.0
20130510,0.0
20130513,0.0
20130514,0.0
20130515,0.0
20130516,0.0
20130517,0.0
20130520,0.0
20130521,0.0
20130522,0.0
20130523,0.0
20130524,0.0
20130528,0.0
20130529,0.0
20130530,0.0
20130531,0.0
20130603,0.0
20130604,0.0
20130605,0.0
20130606,0.0
20130607,0.0
20130610,0.0
20130611,0.0
20130612,0.0
20130613,0.0
20130614,0.0
20130617,0.0
20130618,0.0
20130619,0.0
20130620,0.0
20130621,0.0
20130624,0.0
20130625,0.0
20130626,0.0
20130627,0.0
20130628,0.0
20130701,0.0
20130702,0.0
20130703,0.0
20130705,0.0
20130708,0.0
20130709,0.0
20130710,0.0
20130711,0.0
20130712,0.0
20130715,0.0
20130716,0.0
20130717,0.0
20130718,0.0
20130719,0.0
20130722,0.0
20130723,0.0
20130724,0.0
20130725,0.0
20130726,0.0
20130729,0.0
20130730,0.0
20130731,0.0
20130801,0.0
20130802,0.0
20130805,0.0
20130806,0.0
20130807,0.0
20130808,0.0
20130809,0.0
20130812,0.0
20130813,0.0
20130814,0.0
20130815,0.0
20130816,0.0
20130819,0.0
20130820,0.0
20130821,0.0
20130822,0.0
20130823,0.0
20130826,0.0
20130827,0.0
20130828,0.0
20130829,0.0
20130830,0.0
20130903,0.0
20130904,0.0
20130905,0.0
20130906,0.0
20130909,0.0
20130910,0.0
20130911,0.0
20130912,0.0
20130913,0.0
20130916,0.0
20130917,0.0
20130918,0.0
20130919,0.0
20130920,0.0
20130923,0.0
20130924,0.0
20130925,0.0
20130926,0.0
20130927,0.0
20130930,0.0
20131001,0.0
20131002,0.0
20131003,0.0
20131004,0.0
20131007,0.0
20131008,0.0
20131009,0.0
20131010,0.0
20131011,0.0
20131014,0.0
20131015,0.0
20131016,0.0
20131017,0.0
20131018,0.0
20131021,0.0
20131022,0.0
20131023,0.0
20131024,0.0
20131025,0.0
20131028,0.0
20131029,0.0
20131030,0.0
20131031,0.0
20131101,0.0
20131104,0.0
20131105,0.0
20131106,0.0
20131107,0.0
20131108,0.0
20131111,0.0
20131112,0.0
20131113,0.0
20131114,0.0
20131115,0.0
20131118,0.0
20131119,0.0
20131120,0.0
20131121,0.0
20131122,0.0
20131125,0.0
20131126,0.0
20131127,0.0
20131129,0.0
20131202,0.0
20131203,0.0
20131204,0.0
20131205,0.0
20131206,0.0
20131209,0.0
20131210,0.0
20131211,0.0
20131212,0.0
20131213,0.0
20131216,0.0
20131217,0.0
20131218,0.0
20131219,0.0
20131220,0.0
20131223,0.0
20131224,0.0
20131226,0.0
20131227,0.0
20131230,0.0
20131231,0.0
20140102,0.0
20140103,0.0
20140106,36.52079846123639
20140107,49.5600424723481
20140108,57.027602242369596
20140109,63.83482966670108
20140110,73.11800632594931
20140113,123.47291183597503
20140114,92.90243569979401
20140115,75.06269549757585
20140116,68.30303559803838
20140117,76.1535477578181
20140121,62.853929020881374
20140122,68.03341466469436
20140123,56.41584636726837
20140124,70.99214851940823
20140127,84.08596504351823
20140128,78.76131652819993
20140129,98.36311650639146
20140130,165.76026345431978
20140131,134.04018962284889
20140203,75.23652010994954
20140204,72.52484889105112
20140205,68.74789979262275
20140206,95.06508705812983
20140207,75.16449362514219
20140210,95.32386949635216
20140211,77.26673815533388
20140212,61.66730875926304
20140213,56.00927936041259
20140214,78.08143056813444
20140218,76.93168973486905
20140219,70.26875264838006
20140220,78.52741172597484
20140221,57.86747733029887
20140224,54.63122735105976
20140225,70.60708113436141
20140226,73.36274923460155
20140227,57.2633456210205
20140228,53.598644659145215
20140303,53.35879600705432
20140304,55.74656192330905
20140305,56.00157097694875
20140306,45.11085007114228
20140307,50.99568700035951
20140310,45.70401973097522
20140311,58.67781258404041
20140312,54.22993103190764
20140313,58.20380722650849
20140314,39.28267874590833
20140317,36.88669280252991
20140318,46.63904129261254
20140319,40.91315604799622
20140320,66.15403625587652
20140321,100.50160715805416
20140324,90.72765341729156
20140325,104.94960471014389
20140326,82.93811561742015
20140327,74.56931652713816
20140328,79.30062161461949
20140331,62.47068872483082
20140401,59.47304577909044
20140402,56.49502000220663
20140403,55.650652888555406
20140404,70.48352994651181
20140407,71.16221853853929
20140408,69.97736301028138
20140409,59.306389193414745
20140410,62.16558900826441
20140411,77.30219219154625
20140414,69.09035359299199
20140415,97.87226528229104
20140416,81.9226006422144
20140417,106.707568735742
20140421,92.0074753202831
20140422,72.68040711075251
20140423,83.97098163739737
20140424,75.15462429968754
20140425,94.42760051673444
20140428,91.97098807192572
20140429,77.93836495723681
20140430,57.24704605137539
20140501,64.26941745283497
20140502,51.42070181502998
20140505,54.51480235267842
20140506,60.572917376177045
20140507,63.22831708275414
20140508,64.26994112822372
20140509,56.339996701984475
20140512,40.97447170215642
20140513,41.62127783070874
20140514,46.36996479434414
20140515,66.48457915686674
20140516,76.13449646600994
20140519,64.57110022619088
20140520,79.32358213002219
20140521,74.94208621872504
20140522,70.7175593595652
20140523,61.7176044123673
20140527,62.99950465877269
20140528,52.88853674196886
20140529,50.07110072682295
20140530,36.98325143439918
20140602,37.7849714523299
20140603,36.01047655092077
20140604,42.90766488424974
20140605,44.56968955164051
20140606,46.68993705748483
20140609,42.842404707124444
20140610,1440.7610142542048
20140611,297.0598530295071
20140612,173.7520842810889
20140613,119.70877665742023
20140616,93.82604262879163
20140617,80.81427405661464
20140618,71.55219346311839
20140619,69.44551164307498
20140620,82.65345694382148
20140623,67.06161620078461
20140624,60.20093463516096
20140625,56.23223295440093
20140626,63.22955653612395
20140627,56.65789677289623
20140630,54.47398510369669
20140701,48.54770162044346
20140702,48.106696323616305
20140703,44.98975551657835
20140707,47.4479590143429
20140708,48.390120388734296
20140709,50.00853245729999
20140710,48.08217325308571
20140711,50.67493531314219
20140714,63.097789848029606
20140715,56.3093671241119
20140716,84.88097297897724
20140717,107.8396648091316
20140718,92.80333458010753
20140721,97.86762744051575
20140722,103.0404959119071
20140723,110.32435970545919
20140724,100.81709313398227
20140725,105.34064665951855
20140728,96.08818874445181
20140729,82.59192063054618
20140730,96.11912239660477
20140731,92.20636456561209
20140801,77.46300564088347
20140804,74.39893815020265
20140805,73.2416393426634
20140806,68.45552878034756
20140807,61.05590379873161
20140808,59.18871218575956
20140811,57.80368628870066
20140812,48.02104092536561
20140813,46.92857799359006
20140814,57.49846478792798
20140815,75.28623124095702
20140818,67.99536568233812
20140819,75.76193719027037
20140820,94.46131053709934
20140821,77.67380762012634
20140822,64.13277542025808
20140825,59.57099615010017
20140826,62.83352586423158
20140827,57.06916664006208
20140828,54.35274081226753
20140829,62.54858999432409
20140902,40.903095563916644
20140903,35.035694269599766
20140904,41.52805293337912
20140905,42.58712852880569
20140908,44.943069721009515
20140909,57.3099280825749
20140910,61.68354071175286
20140911,49.08075035680979
20140912,54.07134054368612
20140915,43.65041263029582
20140916,39.233051800746125
20140917,37.25976832490228
20140918,52.4014772813359
20140919,46.80584810934255
20140922,49.98244003273353
20140923,50.09846039764814
20140924,54.92328535309096
20140925,48.16807909678543
20140926,88.38049316061402
20140929,78.22979093879846
20140930,67.0068047963093
20141001,61.21459651008976
20141002,67.5603133529463
20141003,66.6201783393651
20141006,56.24619317839304
20141007,64.39907124935341
20141008,56.587352810021315
20141009,63.55659226179483
20141010,85.76308837892728
20141013,78.61188544117493
20141014,82.83720523766931
20141015,71.51745279320886
20141016,81.53348961843025
20141017,81.6916319580993
20141020,104.08653028146342
20141021,132.96456393333338
20141022,102.38218500615865
20141023,109.57517301309863
20141024,130.71393290364745
20141027,112.72578101852058
20141028,118.14633633228296
20141029,94.67769821125593
20141030,130.2122101029147
20141031,123.82900682272808
20141103,101.00874209775843
20141104,116.05589157717134
20141105,116.87251147871405
20141106,94.90421906866143
20141107,98.2807412175693
20141110,84.71780592345993
20141111,66.09902229706667
20141112,64.35347457974676
20141113,97.37307745209588
20141114,98.66536009975961
20141117,90.13282483762976
20141118,96.29210558663793
20141119,90.12549412491848
20141120,81.06897749475989
20141121,80.06801926932458
20141124,85.02737357174384
20141125,77.04728257925555
20141126,64.39285862489803
20141128,92.43106701564295
20141201,68.41570429489495
20141202,79.2606266435545
20141203,62.83319976897417
20141204,53.123108677831965
20141205,47.30076531838256
20141208,84.35012067358791
20141209,100.93554564177893
20141210,114.36680564043911
20141211,109.51012004094096
20141212,114.58609806225279
20141215,120.06771031208237
20141216,101.86161026962431
20141217,79.10696725035885
20141218,63.90409429084936
20141219,76.7382945620423
20141222,66.02265327407615
20141223,91.56059223345692
20141224,70.69091736112293
20141226,57.48064991699098
20141229,54.77582700942015
20141230,51.97681970168969
20141231,50.884345777266425
20150102,41.445435225621985
20150105,52.76803067637805
20150106,89.83277344880011
20150107,87.75157266809475
20150108,98.9235474220257
20150109,85.0166030784126
20150112,79.38853629527728
20150113,69.85737564370321
20150114,73.25381796925683
20150115,94.5520889067808
20150116,84.13260678195311
20150120,87.35420776720102
20150121,96.07821616351083
20150122,95.32558134083851
20150123,91.41349148226337
20150126,75.91088248019281
20150127,106.01772059844832
20150128,107.43605186558723
20150129,129.32818786564476
20150130,125.76123551097237
20150202,96.00085556679575
20150203,83.91220883927751
20150204,141.07776949014564
20150205,118.48921623113031
20150206,105.63999695017216
20150209,85.52791136827098
20150210,78.22167779216724
20150211,84.0515275671249
20150212,146.0768257344962
20150213,141.8936809602015
20150217,97.08244367066283
20150218,68.75233256867102
20150219,92.2420064957906
20150220,74.87808877602566
20150223,63.43680180989365
20150224,63.186620131202474
20150225,76.45775023182688
20150226,73.72552067274776
20150227,67.42949667851619
20150302,72.4865945946097
20150303,62.65009204919423
20150304,68.86840536107916
20150305,54.250964140656706
20150306,46.52901770182615
20150309,46.664978026430546
20150310,47.87273446688863
20150311,48.84559941563796
20150312,58.06236975399271
20150313,60.440780017776476
20150316,54.06991032418859
20150317,54.90790828953531
20150318,48.33824724631222
20150319,48.30772207034853
20150320,3067.0968652693855
20150323,465.16839608403427
20150324,263.91486633251674
20150325,175.43999145253696
20150326,140.55112739652
20150327,110.22106867018059
20150330,102.12791409157593
20150331,93.33679205454244
20150401,80.03256592664971
20150402,69.93054594291635
20150406,68.02961437890539
20150407,65.29451774045963
20150408,53.79615875395522
20150409,56.372699734082275
20150410,50.55508587148717
20150413,48.413825038253506
20150414,55.287930748825666
20150415,62.065880649524104
20150416,60.36132586448463
20150417,52.19701323164077
20150420,52.59515484324878
20150421,73.33712108781685
20150422,65.64308467570302
20150423,45.69386368085471
20150424,138.23298231992237
20150427,105.4001400064125
20150428,97.81515152752556
20150429,92.23007823536554
20150430,82.77345129104023
20150501,64.94425192294457
20150504,57.07631521029447
20150505,57.736033099007955
20150506,49.14280824458884
20150507,47.05497837925863
20150508,68.90293875194655
20150511,57.09377268725018
20150512,51.71766943187451
20150513,52.3836678545385
20150514,58.22552492109146
20150515,52.601392111086184
20150518,51.14331514896004
20150519,69.86207930623951
20150520,63.81693769356076
20150521,56.78294145826305
20150522,48.96162873596111
20150526,49.558860323987005
20150527,51.283579887297165
20150528,55.99794383911629
20150529,51.545242553262696
20150601,46.18250491310212
20150602,34.8587729064308
20150603,30.8759024747771
20150604,36.98148113114388
20150605,43.70243737860544
20150608,39.05014507470034
20150609,38.2233462487725
20150610,35.091749829250666
20150611,31.89411168894589
20150612,35.19351168133544
20150615,38.69939802907396
20150616,44.93853594254252
20150617,38.869295367229974
20150618,35.05036206611699
20150619,31.482554115885215
20150622,34.630792071678236
20150623,43.21848981282907
20150624,36.60910016648781
20150625,42.78259686763403
20150626,62.229297074982185
20150629,62.74550626705292
20150630,62.096805712980085
20150701,56.71943115771898
20150702,56.750993382136215
20150706,58.05401795087343
20150707,73.6868612273725
20150708,59.65318332405907
20150709,57.01884892870655
20150710,54.23088029984497
20150713,57.174566324321304
20150714,55.57843957400787
20150715,61.40272282873616
20150716,97.13521480821035
20150717,81.82712036508372
20150720,77.63640585284861
20150721,91.49569443762982
20150722,82.53948240744526
20150723,111.83909659938615
20150724,142.3499086551862
20150727,143.89093990521764
20150728,103.1758025444421
20150729,89.20037838386949
20150730,94.04067707445876
20150731,92.51440515628795
20150803,89.51317590859092
20150804,84.732031995391
20150805,137.24455400311714
20150806,113.40368790445339
20150807,136.7870653504826
20150810,111.13310110785659
20150811,122.9925589223003
20150812,105.33656161750913
20150813,100.02315786871704
20150814,95.19727543534975
20150817,81.55316780762965
20150818,115.62953117976113
20150819,106.58544402219907
20150820,115.33749766924959
20150821,107.07524185172679
20150824,132.54820448139282
20150825,131.2568181161023
20150826,108.40624999664205
20150827,84.07699756022811
20150828,79.91353860055054
20150831,71.47144544114921
20150901,67.3790559364264
20150902,64.5928830148144
20150903,61.68652207674813
20150904,58.861171210715376
20150908,49.64947614848063
20150909,49.39380375925355
20150910,41.616789729367284
20150911,50.08913378444248
20150914,46.74014095808097
20150915,45.61104681046072
20150916,50.522923847177
20150917,51.624979742860916
20150918,67.57294010187263
20150921,85.34112139416528
20150922,79.4373327116108
20150923,87.01652974202946
20150924,109.11361313801227
20150925,188.5592465844761
20150928,158.07155849209434
20150929,129.48414258839017
20150930,130.76982612043807
20151001,99.21237978456392
20151002,99.94475650456667
20151005,84.1085681402916
20151006,92.73207886108415
20151007,86.01028312808178
20151008,97.4808228013043
20151009,83.12211145962934
20151012,72.05349834307506
20151013,62.46461008522142
20151014,114.66393610194848
20151015,106.14625817759685
20151016,128.78328776957326
20151019,110.97793643701114
20151020,87.16261232564337
20151021,95.40222462020644
20151022,154.00051764589662
20151023,154.7500968379336
20151026,144.55523696202687
20151027,127.22826671226538
20151028,117.64880360373763
20151029,102.43319740296616
20151030,106.31487907217016
20151102,103.31283232706065
20151103,95.73837944897359
20151104,102.15107970938796
20151105,86.12885641263486
20151106,135.68459387915803
20151109,128.67351804343576
20151110,101.18684712548972
20151111,103.79621778057977
20151112,98.73601693244818
20151113,116.9602731994313
20151116,97.51565947104895
20151117,76.34597591709228
20151118,72.8330055550848
20151119,75.41756748016593
20151120,56.11197968406932
20151123,61.158937244976485
20151124,55.608301665094736
20151125,54.88665367115529
20151127,54.30957809063008
20151130,52.248772942283225
20151201,49.99394107225679
20151202,43.20489018149804
20151203,46.0153244230534
20151204,53.78159762826492
20151207,54.31692429857132
20151208,56.585843520053885
20151209,54.35932167979544
20151210,56.8018536173421
20151211,65.00837247514981
20151214,58.78572005657894
20151215,79.28597533653989
20151216,70.01345399714815
20151217,60.46317092623874
20151218,47.82758121694984
20151221,53.9052402534555
20151222,53.876121689550985
20151223,60.06350966933549
20151224,52.850349155141906
20151228,1213.9901557541725
20151229,471.7717137143508
20151230,294.9396555651279
20151231,208.06503520327394
20160104,176.57773839471088
20160105,141.58586242293956
20160106,129.47268098185293
20160107,122.74984131391159
20160108,119.34603428041518
20160111,111.61592788571602
20160112,94.64673136510103
20160113,85.6025144960702
20160114,88.2683900031737
20160115,95.50785015247922
20160119,84.20084727411793
20160120,101.40760688819816
20160121,87.0758908275657
20160122,91.84710770179537
20160125,85.1774977149858
20160126,97.2117036800276
20160127,126.25903659308385
20160128,141.7557239089666
20160129,135.1042398868608
20160201,114.2401925358909
20160202,108.44976716673412
20160203,103.41966267112352
20160204,97.65047825198894
20160205,126.58953882849664
20160208,142.4535956158198
20160209,136.49321798699395
20160210,102.15222274129239
20160211,100.36904842899972
20160212,108.03799211161112
20160216,84.72765229918166
20160217,78.12583181257403
20160218,95.8503242729931
20160219,97.03745896697248
20160222,85.26088897225586
20160223,79.18103208265129
20160224,80.21859356597123
20160225,72.35431974113742
20160226,68.79423193306926
20160229,65.72927587635238
20160301,72.23497280721622
20160302,68.22081330419235
20160303,71.32737210187655
20160304,65.97307257989547
20160307,57.3316403387768
20160308,49.16169223741285
20160309,50.69779976633839
20160310,50.95610297869298
20160311,50.65519461521125
20160314,42.412037096327026
20160315,43.234152176132454
20160316,48.57380570683984
20160317,59.46089755963699
20160318,58.15725700012662
20160321,63.06550369414936
20160322,57.204772261555476
20160323,50.48666906554726
20160324,46.416737027136485
20160328,45.79017745558293
20160329,52.672737219909436
20160330,48.9357277321747
20160331,50.71100190056489
20160401,55.60301732904172
20160404,51.68252481221657
20160405,47.14814959944569
20160406,47.835258783210534
20160407,51.55100749036982
20160408,49.674381545060264
20160411,46.54662923756811
20160412,44.40870630066917
20160413,42.3400563986994
20160414,41.53037042980434
20160415,42.39169468166545
20160418,39.089119201709636
20160419,37.88386536108405
20160420,55.55322876839605
20160421,69.70392198671308
20160422,69.8704337111216
20160425,70.14784223256024
20160426,70.62744488248305
20160427,66.07485410696151
20160428,59.342695576586976
20160429,54.833610923194506
20160502,61.45009907483943
20160503,59.32180970769933
20160504,63.310148420867485
20160505,55.69462210972802
20160506,56.761446440002146
20160509,61.652919373445876
20160510,59.79184190527517
20160511,63.08345565988077
20160512,59.39120913217363
20160513,91.19085126916087
20160516,85.36352875497872
20160517,104.83926066362204
20160518,125.30157758019976
20160519,135.59829038791582
20160520,146.1309181183591
20160523,120.7665071094423
20160524,108.09274391542463
20160525,101.57491574241106
20160526,95.44531525120112
20160527,92.11158649539328
20160531,106.32687825594289
20160601,95.51071577400225
20160602,94.10484722530512
20160603,79.57486456278804
20160606,81.3724888779113
20160607,70.22750702871056
20160608,70.15506032812958
20160609,73.03655535565983
20160610,64.52479729339274
20160613,65.73751840334975
20160614,78.60623061296299
20160615,68.30815292559329
20160616,65.39564270537501
20160617,56.4253108710677
20160620,54.415864112653715
20160621,50.02694315176487
20160622,52.02709772101541
20160623,57.02045960814358
20160624,56.94059091117121
20160627,78.13889642061835
20160628,63.03064982743899
20160629,63.48265328456625
20160630,59.335172991815156
20160701,61.169475596762084
20160705,69.31347665275241
20160706,66.68124153436324
20160707,56.64675836821787
20160708,54.90408905210886
20160711,57.35395573909504
20160712,58.20497787921376
20160713,57.05037242942616
20160714,64.43630287593663
20160715,53.65087791001869
20160718,58.140600378061656
20160719,61.616044059915104
20160720,67.49310320721465
20160721,69.45747978241536
20160722,83.26326576663192
20160725,85.34109525635338
20160726,85.16096542817479
20160727,94.51720900712962
20160728,75.0518580923508
20160729,73.16133982699367
20160801,82.5045010515274
20160802,71.35443449304714
20160803,59.830359283938485
20160804,59.73041301974743
20160805,72.47643984848773
20160808,64.32207247997098
20160809,59.57842296639121
20160810,56.489393975165335
20160811,62.80160405950914
20160812,78.31765191691025
20160815,74.76509053658589
20160816,80.90596986757063
20160817,66.00257436813244
20160818,69.2102165350864
20160819,69.74620822999266
20160822,68.0073050973947
20160823,62.897192637519225
20160824,58.22820418745903
20160825,56.51535869014491
20160826,54.7905563890915
20160829,52.05250408154904
20160830,49.31147671869411
20160831,49.06380256664029
20160901,55.510330936350556
20160902,48.85125081263895
20160906,51.477032240568704
20160907,47.890090054002584
20160908,50.35849019314978
20160909,41.413606519511035
20160912,44.22787985478484
20160913,47.07632939623221
20160914,41.221753864662446
20160915,47.50652687497825
20160916,48.947090790325106
20160919,49.207841557341666
20160920,47.693718004986195
20160921,43.87721345259462
20160922,44.177065318747225
20160923,42.55719062287947
20160926,46.13699963048981
20160927,45.777830040516605
20160928,45.32900074883821
20160929,50.00892305908198
20160930,56.671163449901336
20161003,49.31746431620091
20161004,50.968191288157385
20161005,53.38518382313309
20161006,53.82740304633977
20161007,85.3755173867987
20161010,85.17157148604099
20161011,73.50796438326752
20161012,59.21014444085939
20161013,50.75072335518242
20161014,44.93948154227152
20161017,43.4014221017342
20161018,74.58073366229613
20161019,80.25058275008298
20161020,83.78758979675615
20161021,101.33189209888545
20161024,108.23793372110077
20161025,127.15889477152066
20161026,124.33145405748459
20161027,98.4125000062007
20161028,137.92280816169824
20161031,133.1210173879265
20161101,111.5324349706251
20161102,102.74301316791981
20161103,92.88329933780412
20161104,84.95797905753628
20161107,91.73640286071318
20161108,75.84223949167614
20161109,96.77423350140117
20161110,126.10537022669916
20161111,278.25620757235765
20161114,237.9999868653571
20161115,194.12723026833518
20161116,198.18220819769834
20161117,181.8530830442935
20161118,162.03472004074027
20161121,130.0412609027572
20161122,128.86451852555027
20161123,129.58439562363026
20161125,107.33370294690657
20161128,103.68479118770333
20161129,101.37028799442531
20161130,103.96839292442304
20161201,122.39981374810353
20161202,104.90852640225938
20161205,91.31655897299271
20161206,92.14750706506173
20161207,97.9217698045758
20161208,94.81386013070126
20161209,86.0723377022164
20161212,75.40272795045107
20161213,76.2106378148293
20161214,75.51559442164387
20161215,74.74157263116695
20161216,74.34791325094226
20161219,72.35345435009006
20161220,80.6414158133384
20161221,77.12510239991201
20161222,76.24234644522384
20161223,80.95805209653267
20161227,102.03013184468074
20161228,64.95769034283084
20161229,71.37006797451909
20161230,60.828629133713136
20170103,57.81218324862496
20170104,57.6173131539763
20170105,48.170145077317855
20170106,54.7527660100977
20170109,55.73827500507236
20170110,53.51785108931381
20170111,42.439213182627725
20170112,41.864553917423706
20170113,41.00753221927465
20170117,40.32535294387923
20170118,40.196206268988675
20170119,42.571152666100616
20170120,49.22974438334304
20170123,46.937023894228034
20170124,64.53100213816555
20170125,64.98020873003468
20170126,93.75651582651382
20170127,90.91245575762845
20170130,82.57664568955245
20170131,78.71412068554957
20170201,93.86650969028608
20170202,84.86204258477062
20170203,77.18873472685353
20170206,87.45899186591222
20170207,95.53169829348221
20170208,81.2120390256263
20170209,59.138123374116546
20170210,56.445819406498316
20170213,53.15086963210406
20170214,50.55269940936469
20170215,67.62454774174194
20170216,62.42639115699322
20170217,73.14992278898016
20170221,70.11423743679588
20170222,65.46391597567914
20170223,60.11025812539408
20170224,56.9476273463803
20170227,48.04206130274328
20170228,51.26127750228702
20170301,67.78572050846762
20170302,57.376680244168256
20170303,56.646978485753834
20170306,51.036934824511484
20170307,48.04769336553297
20170308,48.0050065697271
20170309,47.97100183573241
20170310,43.48189587588885
20170313,44.375576190925436
20170314,46.195974629583475
20170315,44.901893969472596
20170316,44.160069120523644
20170317,45.13450437342958
20170320,48.09083388344368
20170321,37.10557478938291
20170322,39.081811880700315
20170323,40.72950720525091
20170324,41.690794914348785
20170327,46.66636680573757
20170328,40.26318970844789
20170329,37.330660551723795
20170330,37.98161277971153
20170331,40.05945743069968
20170403,33.7961439115555
20170404,30.122714310640326
20170405,32.40692097518877
20170406,31.750755618615546
20170407,34.83995980318562
20170410,40.09904333912732
20170411,41.492687015024615
20170412,34.76070415840178
20170413,35.5224477086019
20170417,36.811344772557696
20170418,53.5657676896764
20170419,50.65706459289733
20170420,62.90155711435426
20170421,57.56922262991491
20170424,57.2688233386169
20170425,95.79004913066582
20170426,83.20830155349553
20170427,78.69333250083235
20170428,76.3260331641117
20170501,80.23198392001105
20170502,80.78814526358951
20170503,78.43051262100279
20170504,80.28862899538137
20170505,72.78727132891406
20170508,70.71795340876483
20170509,74.0075403423883
20170510,93.46171008297117
20170511,102.19848068405776
20170512,100.94924761239565
20170515,132.5195272575573
20170516,135.0083751790783
20170517,89.99551596202018
20170518,106.41907069231263
20170519,105.99420616797916
20170522,96.29571748138628
20170523,84.37583697693414
20170524,92.17220425321008
20170525,86.59802108432643
20170526,87.11861478625386
20170530,89.89319373061741
20170531,90.78159561344383
20170601,80.02872185812056
20170602,83.15513707638826
20170605,84.05273520635167
20170606,75.87140413652321
20170607,72.05639979727754
20170608,95.1196780378649
20170609,73.85642632082434
20170612,70.61231324539854
20170613,69.23356676928088
20170614,62.36705737037259
20170615,65.15199601576825
20170616,67.31904727911437
20170619,67.9451333725307
20170620,76.12538390833323
20170621,76.06973791754717
20170622,80.83535773542431
20170623,92.39957875373098
20170626,79.89649552728075
20170627,72.16289858679026
20170628,71.6098687647272
20170629,79.18232093188689
20170630,77.42603420942075
20170703,77.63141352879421
20170705,87.3392714588539
20170706,89.51291805758738
20170707,92.24207430168171
20170710,81.23285885361652
20170711,77.36500835215944
20170712,65.95286005075909
20170713,59.763212746336905
20170714,63.49412546741979
20170717,56.358469276230245
20170718,63.71232097521051
20170719,62.98501747085899
20170720,80.7725404803746
20170721,83.11440300845703
20170724,93.69904268309317
20170725,120.25253426493734
20170726,155.69918840226183
20170727,174.95953174119984
20170728,153.6491010031139
20170731,139.6951130602523
20170801,114.61883789363412
20170802,95.93563232061634
20170803,94.15613171957584
20170804,85.4870731209435
20170807,88.37482356798682
20170808,81.38415870913927
20170809,76.0113314540749
20170810,70.12932107331162
20170811,70.74158025327377
20170814,64.29719847279449
20170815,63.37258575538347
20170816,58.80472936500517
20170817,57.26381902680224
20170818,56.59528411748845
20170821,57.73259294253656
20170822,60.10971444583636
20170823,56.129306448210485
20170824,60.608545723044415
20170825,57.62074178688691
20170828,68.52862566810508
20170829,63.684466019235444
20170830,62.359464769273785
20170831,69.62024697184557
20170901,75.76715348337956
20170905,96.97570402523145
20170906,80.19924041492067
20170907,99.85274544448176
20170908,82.67523658690587
20170911,69.6187453418571
20170912,72.80489780841194
20170913,71.5636907564814
20170914,74.01672166159715
20170915,75.3603479495105
20170918,89.70485179295072
20170919,92.05296293051349
20170920,78.84965950475654
20170921,73.89191681790247
20170922,80.95271481976235
20170925,79.22182642745625
20170926,76.32503424571131
20170927,68.28093757827848
20170928,64.66718799875954
20170929,66.08148175117667
20171002,57.86109676224332
20171003,63.2853371325341
20171004,57.116084900630646
20171005,59.82181663612623
20171006,56.580322571348475
20171009,52.56154732339952
20171010,54.23068246852374
20171011,55.77851188118669
20171012,56.337810293862454
20171013,54.21986792686622
20171016,52.72600813245262
20171017,46.103068999463815
20171018,44.920566138997756
20171019,56.89951745090639
20171020,83.70938810946237
20171023,106.82644113523217
20171024,105.39594539555118
20171025,115.10923948018593
20171026,93.10066182583051
20171027,136.9395020428608
20171030,151.29874252369157
20171031,120.47034627705361
20171101,108.92904828453403
20171102,108.05325490017427
20171103,95.37808378992312
20171106,89.14969304856996
20171107,88.53706570043633
20171108,84.05903180372064
20171109,82.36246156301874
20171110,97.49113747755048
20171113,81.84334778102058
20171114,82.94022738599995
20171115,67.29370916652526
20171116,104.9560107914676
20171117,89.9337485956846
20171120,99.22048709782706
20171121,90.17571603482327
20171122,84.0770057937173
20171124,79.70334676715001
20171127,84.39789084688925
20171128,81.72339363126758
20171129,105.13834236002583
20171130,106.99611208328422
20171201,104.291199738648
20171204,117.81330225020349
20171205,98.4386652920212
20171206,84.38316239338522
20171207,81.53117853209886
20171208,93.33882697738127
20171211,80.36321696876762
20171212,89.1114725329641
20171213,98.58532109702891
20171214,87.6346048737839
20171215,74.2272112758736
20171218,78.84160830793188
20171219,77.86665488150986
20171220,77.658198698836
20171221,86.65953988710902
20171222,85.48528646688402
20171226,86.75371968381415
20171227,80.65625465012533
20171228,80.17843479038507
20171229,73.97929782004687
20180102,68.41159131187032
20180103,72.92916647765475
20180104,63.92251942973718
20180105,63.315980902798074
20180108,75.91818506719657
20180109,72.05886707829147
20180110,68.96955910330439
20180111,83.47414090299824
20180112,90.81540238035457
20180116,86.48943853748578
20180117,111.67147430042635
20180118,100.47041887233362
20180119,80.55209746927972
20180122,81.69891728652003
20180123,105.96523616771759
20180124,98.99205118616419
20180125,99.35940054655936
20180126,117.95019351716577
20180129,116.50688762212533
20180130,103.03160660066636
20180131,128.65643837150236
20180201,113.99574166670034
20180202,119.23326382373408
20180205,108.82994312587442
20180206,92.8491990856692
20180207,98.36098779704125
20180208,89.64119688676735
20180209,86.32538684739916
20180212,81.74189719251957
20180213,87.31043400753899
20180214,94.38108203938036
20180215,116.78079076931947
20180216,106.3323671681383
20180220,116.35880215617276
20180221,104.26828018981263
20180222,88.2931643875235
20180223,81.85347215034724
20180226,96.68693862312766
20180227,99.06349770189809
20180228,108.02701883866796
20180301,103.01808601713003
20180302,110.87091310727592
20180305,97.98133927760313
20180306,94.88204186143592
20180307,99.8954106171116
20180308,92.46137809450079
20180309,96.62028258747702
20180312,94.9483889792929
20180313,81.15744039213524
20180314,78.69710903256107
20180315,71.93287523137474
20180316,59.70024774729503
20180319,54.05723707413742
20180320,54.65576425532035
20180321,53.103053399384834
20180322,53.31741283876498
20180323,56.584296500216894
20180326,64.50960952927957
20180327,55.747475402474905
20180328,48.505636877667826
20180329,44.776307437000135
20180402,45.747835814913955
20180403,61.92723820497403
20180404,66.40536113954778
20180405,70.22197516978527
20180406,66.61508373003818
20180409,72.97786973939135
20180410,58.63285688557078
20180411,51.88102830215486
20180412,54.086412332728834
20180413,52.17059972779549
20180416,65.98636407774967
20180417,90.36650235430673
20180418,97.12680730271634
20180419,111.62447418921461
20180420,94.9007782610274
20180423,100.74715901457733
20180424,146.71816334393017
20180425,141.0218082653758
20180426,153.73627913404727
20180427,163.8545368026376
20180430,141.59514106502127
20180501,128.68881220622035
20180502,117.9837144716929
20180503,108.56448491872288
20180504,100.6312351476187
20180507,95.53403326331429
20180508,96.23176118390278
20180509,91.18982311814703
20180510,86.10489368275204
20180511,80.5387498687305
20180514,79.07819424431477
20180515,71.58801149324603
20180516,75.58648069928658
20180517,75.1026135270864
20180518,78.27378939425452
20180521,82.04379144612405
20180522,79.02214679092499
20180523,74.40706064431316
20180524,68.47204295177286
20180525,72.25109159988482
20180529,82.66630967870194
20180530,74.55266413741701
20180531,69.84566347899576
20180601,69.63246672406395
20180604,75.73104083798037
20180605,78.48120806080598
20180606,67.5688921988712
20180607,64.42649244900646
20180608,65.88685184098418
20180611,73.7057462415864
20180612,75.02674469429607
20180613,65.55069481656068
20180614,79.85424332414306
20180615,77.06338215010693
20180618,72.66039657812149
20180619,74.41501339247682
20180620,83.68084306525166
20180621,90.58931813431818
20180622,92.29297007571131
20180625,78.24798772496742
20180626,84.11947739576595
20180627,78.71307518938625
20180628,81.4815830999877
20180629,78.71300849882192
20180702,77.72781622100408
20180703,70.94759323226499
20180705,78.51335254154671
20180706,76.58644326215257
20180709,61.06933633609049
20180710,63.17856066631464
20180711,75.86060790756274
20180712,67.90698365378047
20180713,80.32832372908283
20180716,73.78468343992972
20180717,74.8101176421207
20180718,72.56398831606715
20180719,69.58931063898221
20180720,80.17098603073704
20180723,91.0503752740756
20180724,94.00197973286105
20180725,107.82847088148564
20180726,102.98422994186579
20180727,95.92481542732317
20180730,92.8661867527459
20180731,77.25897069185154
20180801,82.53503967950877
20180802,83.70738311932192
20180803,84.29797064123915
20180806,79.99321254481792
20180807,71.2592821308904
20180808,71.76761527565691
20180809,72.42752371374628
20180810,71.68889817484877
20180813,64.30761308148368
20180814,74.26328815830755
20180815,69.90974162960951
20180816,85.66799894643728
20180817,83.54260140696823
20180820,80.09914826920482
20180821,68.97715571072169
20180822,67.48114496680653
20180823,74.18669640833588
20180824,71.89351497562419
20180827,63.2276047302029
20180828,62.89017455533529
20180829,72.42004743485604
20180830,75.79059009767735
20180831,78.63236302019021
20180904,69.92714151788473
20180905,62.16518286344461
20180906,61.33450970718033
20180907,56.4611292388027
20180910,76.60597624866111
20180911,77.19740069504476
20180912,79.17818867050975
20180913,72.35903364100682
20180914,76.10325501592209
20180917,78.86536381305649
20180918,75.13947426792333
20180919,61.0225691571537
20180920,58.160286511970455
20180921,54.88418995197705
20180924,39.26725593468449
20180925,40.70666883800852
20180926,40.683269956439545
20180927,43.11828488854972
20180928,53.296608392075775
20181001,61.543741061215115
20181002,52.292531159677026
20181003,52.33754311746543
20181004,46.38192545688662
20181005,44.962851248496165
20181008,39.49193857158714
20181009,68.88347457826819
20181010,61.96220932011329
20181011,55.37446049229956
20181012,66.63532177350947
20181015,64.54495098798648
20181016,81.3459598765262
20181017,104.85656313576067
20181018,123.00312282614082
20181019,128.36866119380775
20181022,126.5902075449124
20181023,200.1061617988179
20181024,222.07920491570067
20181025,201.80106324548888
20181026,179.51524611000542
20181029,165.74238517897356
20181030,182.33919612136307
20181031,148.05106386773906
20181101,123.33648960009825
20181102,114.59916582172245
20181105,106.85908388264579
20181106,102.95876049092752
20181107,120.69094862404432
20181108,137.58624775653294
20181109,115.66329188859484
20181112,133.49469179857766
20181113,124.965411195168
20181114,105.59886008024567
20181115,141.4686109853543
20181116,220.22721717326112
20181119,231.7843159703575
20181120,185.29806500244842
20181121,170.25255744267236
20181123,152.26583973200243
20181126,165.91261548347316
20181127,152.12726714772123
20181128,148.5621726108836
20181129,140.06068381916305
20181130,129.25668988949667
20181203,115.9841412260208
20181204,105.9460067780656
20181206,106.41564529407637
20181207,90.61588437575807
20181210,89.41099467207539
20181211,94.33659380608563
20181212,93.22366987101233
20181213,97.81187410077679
20181214,126.59093237448504
20181217,105.83166030709037
20181218,86.24821802922003
20181219,87.2803415930633
20181220,74.84826662403279
20181221,79.29884848970664
20181224,78.24544421111042
20181226,77.36709835980642
20181227,82.07993194611484
20181228,76.13353850663378
20181231,71.58168846010881
20190102,76.7325462686212
20190103,74.94671654506251
20190104,79.69590469519085
20190107,86.36338686114027
20190108,84.17455880776248
20190109,78.7764379931829
20190110,72.95938587126562
20190111,65.47077308423987
20190114,55.40526646807764
20190115,58.993656290538965
20190116,78.2166116126848
20190117,83.6466594256568
20190118,74.90344586696636
20190122,72.52408035100206
20190123,91.19943832065208
20190124,88.72480086353836
20190125,78.76394206465102
20190128,95.71552729488432
20190129,102.48891079301015
20190130,142.97130348315272
20190131,125.68885288798072
20190201,123.25910645590972
20190204,133.6686653219415
20190205,136.47999921226597
20190206,127.06711475298398
20190207,124.53989378043055
20190208,119.28157266259572
20190211,115.6135172063552
20190212,118.19338850362983
20190213,106.53779995143475
20190214,123.91805850227126
20190215,130.75827195310438
20190219,126.44626092790608
20190220,115.90493422862701
20190221,105.8956330482251
20190222,119.26667874639821
20190225,115.00177661829122
20190226,122.44998672059405
20190227,137.71302452447514
20190228,148.81562332171288
20190301,129.83093737155295
20190304,124.75089626183475
20190305,105.42855434632895
20190306,105.4333849151173
20190307,101.97908774143127
20190308,95.46866340484779
20190311,74.03777001404744
20190312,78.79493492214947
20190313,79.48056657953157
20190314,85.6144066922453
20190315,99.809790204704
20190318,100.44397187778027
20190319,86.92179094521887
20190320,86.75569674777798
20190321,112.6453094194087
20190322,104.70436779766052
20190325,96.95128273195158
20190326,95.71262671933262
20190327,89.26735601091528
20190328,83.47804065217687
20190329,75.68214613631783
20190401,75.59552916885436
20190402,74.26199975877223
20190403,77.74630303735688
20190404,70.59512172018563
20190405,69.87250424596559
20190408,79.73126881451412
20190409,74.20756390421226
20190410,79.04796364186373
20190411,87.31385331815068
20190412,158.39338952208277
20190415,140.2735789931243
20190416,149.78224091888245
20190417,172.05262855708014
20190418,151.8289203316506
20190422,130.8300847174914
20190423,119.59154830620726
20190424,120.76136324216615
20190425,187.02767686846056
20190426,185.42635383372186
20190429,172.745636410119
20190430,171.3478711196804
20190501,155.766010239827
20190502,141.82604686492013
20190503,143.92314200150273
20190506,138.5191025667132
20190507,137.15970419605983
20190508,125.90227782523232
20190509,130.9471370450111
20190510,135.450923179078
20190513,126.61770766669008
20190514,119.293912539332
20190515,120.91261539294581
20190516,119.46474584911059
20190517,114.3224814234629
20190520,118.44708187784758
20190521,106.9162675209335
20190522,97.31264120972952
20190523,90.61092367442403
20190524,89.72409651183703
20190528,81.2624202976458
20190529,83.46974906826662
20190530,87.95267764025786
20190531,96.26771884243749
20190603,97.24740631978489
20190604,85.58181121664687
20190605,90.91187059763897
20190606,85.74737169054927
20190607,84.9761800024025
20190610,84.73283352370717
20190611,76.4837260432418
20190612,75.2841169912606
20190613,71.61432949560853
20190614,74.19710284993633
20190617,70.64023866297663
20190618,64.42927741887834
20190619,67.83264239000232
20190620,67.68390299070506
20190621,68.88422497864198
20190624,68.20821440815537
20190625,66.74218700408812
20190626,58.862823502607725
20190627,57.379404948624064
20190628,52.43817231478277
20190701,60.898515139851035
20190702,59.11449110002275
20190703,61.01932609195133
20190705,57.635540038427834
20190708,62.633260865652915
20190709,68.1890679365035
20190710,65.17528849453463
20190711,66.6761473639339
20190712,83.57450027481926
20190715,88.02082888335019
20190716,86.29520322891237
20190717,84.10294712752666
20190718,74.92259010515173
20190719,62.68001390090821
20190722,72.24102540747634
20190723,85.66267679983223
20190724,81.76730511400784
20190725,75.36324175184538
20190726,79.06029560843575
20190729,72.84419159425363
20190730,78.62514938666143
20190731,68.02565034589034
20190801,75.10765420811845
20190802,75.68351107478327
20190805,66.43233886542303
20190806,63.69290373587355
20190807,87.42145664471549
20190808,84.54399767884807
20190809,87.80157226226149
20190812,92.17527666962506
20190813,89.21371986679421
20190814,83.18232690855055
20190815,109.24073717165632
20190816,103.27462125499147
20190819,90.43274184363348
20190820,92.49422300741676
20190821,94.10919559782627
20190822,104.5772078342671
20190823,110.12366143056516
20190826,109.81020565397155
20190827,110.98334282036295
20190828,103.03789207844449
20190829,96.48850089235557
20190830,91.84367659222681
20190903,84.92006349154812
20190904,83.54081836337413
20190905,78.37833629236943
20190906,79.44485687536786
20190909,80.39845085117162
20190910,79.35759619555387
20190911,82.27197420625117
20190912,87.82597181322944
20190913,91.31599430811417
20190916,78.34703941130846
20190917,76.71351983514288
20190918,85.3486199039422
20190919,89.00864212608185
20190920,87.32631780375293
20190923,77.83082624491558
20190924,81.35089868013716
20190925,81.1597071003437
20190926,92.03443860095703
20190927,86.35644242753368
20190930,86.61807859480268
20191001,86.53001421528595
20191002,92.77722114051944
20191003,82.93398712960894
20191004,82.83141367655305
20191007,81.06864763355426
20191008,82.26041279590027
20191009,76.02583013056005
20191010,77.06852505546235
20191011,75.60091677582038
20191014,73.11396659515253
20191015,83.33906655738186
20191016,74.42794397977298
20191017,68.12544296155593
20191018,85.54437778042849
20191021,107.76851110258806
20191022,134.8938356485496
20191023,123.12465730063381
20191024,132.14487059482354
20191025,127.28442571426277
20191028,134.4930519389833
20191029,123.65371974777844
20191030,111.1454601293828
20191031,93.73205445036237
20191101,104.81056812291418
20191104,120.03092997676823
20191105,116.68763751419792
20191106,99.44129483728722
20191107,90.50262727068188
20191108,96.13442883586556
20191111,94.75235623046869
20191112,91.125611332591
20191113,95.2595132093615
20191114,93.14145647217569
20191115,111.15721330600246
20191118,110.7046859993316
20191119,118.3434053738375
20191120,115.48340645237423
20191121,118.96328228299828
20191122,114.50989768736983
20191125,115.49226706920801
20191126,103.60103175546254
20191127,88.58937461543219
20191129,90.04322480568094
20191202,91.41889459275251
20191203,90.10971376953158
20191204,89.77124079313101
20191205,92.98049640714756
20191206,83.79808792776399
20191209,74.50739620201752
20191210,74.65206228988637
20191211,78.70191746295396
20191212,85.80663435744958
20191213,79.68075618511932
20191216,90.49958499998081
20191217,78.52750686332067
20191218,75.46109863150073
20191219,74.38517362065488
20191220,77.5343718077435
20191223,73.29354251965734
20191224,70.24791812046713
20191226,65.46634706873112
20191227,65.09725425864366
20191230,64.17961616888475
20191231,63.47679040715165
20200102,67.74120891623276
20200103,59.69624122940742
20200106,58.02691258490484
20200107,52.531942794097475
20200108,61.45250449074918
20200109,66.0688697008268
20200110,68.35190058410873
20200113,73.53877727799821
20200114,63.55393578878437
20200115,71.38932661870899
20200116,85.00510556742722
20200117,89.96425295823485
20200121,91.15094778217838
20200122,91.39195070086524
20200123,100.74753479495763
20200124,115.48294106071734
20200127,94.61959451659769
20200128,95.9439538154841
20200129,101.96335709375069
20200130,121.30177532760041
20200131,112.32200587949981
20200203,123.94179086844235
20200204,137.3669811748187
20200205,134.74489887394427
20200206,148.42707493337903
20200207,137.03542934585744
20200210,147.39403264140313
20200211,107.64717414656945
20200212,109.1756000946499
20200213,101.66360170618009
20200214,100.93143782687832
20200218,116.05237541711055
20200219,113.23518077715951
20200220,100.68050084113455
20200221,82.75586448308941
20200224,55.38075995240426
20200225,64.84976731760175
20200226,70.76995691855907
20200227,68.86725976735585
20200228,96.64352739158949
20200302,104.58318622639112
20200303,86.3378095622704
20200304,101.39524970975276
20200305,115.24024695711421
20200306,133.70258788009568
20200309,229.25622761848035
20200310,186.03295565903326
20200311,198.47769597542424
20200312,217.28437067062146
20200313,186.61089214603828
20200316,251.97980974500194
20200317,267.98641926246455
20200318,434.97339628361703
20200319,391.5302219610977
20200320,337.660333827437
20200323,314.0157140847588
20200324,259.6157666191361
20200325,140.2456768684586
20200326,103.45611839403234
20200327,127.14656374046417
20200330,135.7976427807822
20200331,129.36427857909126
20200401,147.00819363604433
20200402,155.55331179326868
20200403,162.03052475538684
20200406,147.46361801038904
20200407,124.21284747738267
20200408,123.33965983451641
20200409,92.7006482286015
20200413,109.00249734995178
20200414,138.01179558071652
20200415,172.78589184099758
20200416,217.96154623976918
20200417,156.83438750189023
20200420,160.03853910279625
20200421,153.85013019950017
20200422,157.94948533350026
20200423,161.45882627582154
20200424,145.07450263536413
20200427,120.60407301707966
20200428,99.87972620050503
20200429,98.84266344238114
20200430,122.11610607258088
20200501,100.89783741408286
20200504,117.8794545125897
20200505,123.60850128382927
20200506,124.80221277241286
20200507,133.70746149550465
20200508,121.36622356613718
20200511,135.8400484863298
20200512,138.59313704822517
20200513,145.00952185013094
20200514,130.62674210110865
20200515,173.1229859477245
20200518,134.80638291313718
20200519,127.12902760114511
20200520,121.31817056200096
20200521,100.41338313655494
20200522,104.82461199176763
20200526,77.31614168622657
20200527,75.55216082025972
20200528,70.458144202618
20200529,86.76697800697639
20200601,72.12400071565455
20200602,84.55751773053113
20200603,68.0602988800459
20200604,56.53299623698535
20200605,60.476934480792565
20200608,58.765321213831555
20200609,65.10175600378575
20200610,73.74463933458752
20200611,63.36230616254831
20200612,66.91649218651236
20200615,81.83785332118984
20200616,74.08831807000003
20200617,80.98360198490361
20200618,85.46236935535683
20200619,83.42430150900489
20200622,82.0599984033915
20200623,77.81486603316164
20200624,73.46175546273034
20200625,74.7806163292117
20200626,69.80151127011915
20200629,73.06087164707876
20200630,75.07156274403478
20200701,94.07375669685068
20200702,100.08409967746819
20200706,122.99399466524746
20200707,96.36918604451738
20200708,107.45075174251141
20200709,121.18696830525799
20200710,120.5661515444817
20200713,95.07199489023702
20200714,89.24779881905238
20200715,71.41045109886613
20200716,74.48808816805357
20200717,72.17390085204909
20200720,90.47642801106423
20200721,75.88349810799157
20200722,67.62673709417231
20200723,61.217050924300196
20200724,74.86103498832287
20200727,78.27072991140884
20200728,76.18526365846331
20200729,84.57142382583409
20200730,111.56525109536676
20200731,115.81069762668608
20200803,68.88175218413963
20200804,91.91006757791367
20200805,114.61742274567996
20200806,105.10746485944941
20200807,99.01293690682404
20200810,106.49324276328481
20200811,104.30875008077997
20200812,107.49292237187456
20200813,114.74582554660692
20200814,106.06063507467113
20200817,125.13592368500413
20200818,128.6782365518821
20200819,118.16828865720626
20200820,108.66633709715185
20200821,126.00048358037367
20200824,128.5492233317151
20200825,110.63864969591708
20200826,121.10547595598165
20200827,98.97657687816758
20200828,114.27800777437471
20200831,113.73188264198964
20200901,187.51778260509582
20200902,194.38101091303912
20200903,152.09837009649928
20200904,132.0893214670836
20200908,129.19391521479625
20200909,124.33629667594384
20200910,131.57811949615703
20200911,124.60705430992256
20200914,134.0953555532075
20200915,123.23490215892716
20200916,113.44484501283851
20200917,111.42101407793449
20200918,98.6647711479745
20200921,89.99238812067348
20200922,88.09564274825357
20200923,92.76602069463098
20200924,91.71171411890398
20200925,94.40219417094549
20200928,89.42304577479828
20200929,94.95975268684415
20200930,87.16325387206861
20201001,87.52509933622014
20201002,82.51821163637844
20201005,93.16743184921904
20201006,103.38200362976777
20201007,101.75093280538273
20201008,93.83490806777087
20201009,86.81348941429633
20201012,87.64289354696625
20201013,82.65449728431464
20201014,77.62276029726706
20201015,79.90315541808828
20201016,80.94650267522913
20201019,80.78339195415323
20201020,81.97237984895351
20201021,89.97090033160597
20201022,86.59694318243409
20201023,89.1962750986764
20201026,83.43900979293107
20201027,78.11511232372789
20201028,90.06905364650008
20201029,90.8543567372397
20201030,79.82127182941525
20201102,102.56669299237818
20201103,100.91588865091639
20201104,118.85523462628372
20201105,118.0431208744424
20201106,104.85351776850437
20201109,123.68844259100919
20201110,117.86174986570275
20201111,98.68500749669322
20201112,98.49004596143816
20201113,101.51714998269237
20201116,105.8159170284417
20201117,99.31473775789007
20201118,86.48840960205723
20201119,91.42892146495822
20201120,87.92035346509337
20201123,87.18254285311247
20201124,94.02465333034854
20201125,87.8774123181907
20201127,84.44933550023495
20201130,66.32599068783556
20201201,65.99169439398476
20201202,74.04980886131307
20201203,74.85963396312559
20201204,90.31071743925317
20201207,85.9799113434407
20201208,84.59620523190179
20201209,82.14860504564541
20201210,80.38346041916532
20201211,114.53592006673622
20201214,98.32257802471916
20201215,100.79119622916778
20201216,83.73721089742078
20201217,79.72638226760978
20201218,85.51209087968125
20201221,81.99825981849335
20201222,85.46551589167092
20201223,76.70974384925007
20201224,76.66963785212465
20201228,89.94911423921802
20201229,89.63035288988436
20201230,93.18927575028796
20201231,90.01645109028091
20210104,81.55271105513455
20210105,84.27849549163804
20210106,116.76962353861192
20210107,108.2891657345491
20210108,98.03475010622662
20210111,98.01227676323002
20210112,99.09899823748611
20210113,89.06166936402771
20210114,100.8438459992708
20210115,100.1435681920226
20210119,81.02628837353424
20210120,75.78392403190746
20210121,73.81486558887165
20210122,82.24437238893461
20210125,74.30967592816164
20210126,72.95940438198141
20210127,72.49302558546576
20210128,77.0096608331225
20210129,59.83377639282113
20210201,71.49209036267082
20210202,70.38727108647946
20210203,77.36978569219059
20210204,84.0192439820043
20210205,85.68521691578792
20210208,123.29573585635902
20210209,111.29553474479228
20210210,116.75976080502454
20210211,142.57217818411735
20210212,112.86015093789474
20210216,127.32947612751059
20210217,105.57098877552414
20210218,86.15450823144634
20210219,97.29227025729267
20210222,109.74073494096656
20210223,115.53218996652231
20210224,111.82961901242098
20210225,97.62694226530391
20210226,86.63711242289725
20210301,92.50931609813446
20210302,83.81940525819118
20210303,84.65844455999074
20210304,91.33646848712668
20210305,108.09607149883475
20210308,136.681574019759
20210309,91.15850731751986
20210310,80.80135031620652
20210311,69.09949560631252
20210312,79.80209036050547
20210315,67.27095332813667
20210316,63.244641559084386
20210317,71.92846304316704
20210318,87.01474777929805
20210319,76.3828817807377
20210322,78.59975801389913
20210323,63.236005686771335
20210324,73.03276102842396
20210325,83.23925541220567
20210326,91.05107237406594
20210329,87.3814226708535
20210330,93.49608362371873
20210331,80.26596181255576
20210401,70.88689974131188
20210405,2213.101231694116
20210406,1042.9045523242837
20210407,708.2826798543886
20210408,534.9370095825147
20210409,453.15597009852775
20210412,378.57067198586077
20210413,335.4806840426603
20210414,287.24206412095015
20210415,272.97961146177215
20210416,235.08691879832028
20210419,207.55535497487836
20210420,187.0409486638901
20210421,178.61010481757617
20210422,164.01609496832427
20210423,151.75403897579992
20210426,137.1224147473318
20210427,128.95804852636704
20210428,122.31073773694777
20210429,126.91507113725115
20210430,117.03638734253553
20210503,119.12068181318716
20210504,130.8081418447502
20210505,126.32817861929209
20210506,124.48775108457431
20210507,114.57532503330351
20210510,127.88192335953462
20210511,100.8054859163044
20210512,97.42625524822725
20210513,103.09172928749787
20210514,97.22695489447962
20210517,107.44258732018756
20210518,92.70416704433961
20210519,84.70867538365245
20210520,75.12778421708964
20210521,75.9169573602868
20210524,75.79200227121561
20210525,74.95637977359534
20210526,73.69767959959368
20210527,66.10642671075078
20210528,78.92840630170451
20210601,78.10951022417602
20210602,90.35217213859869
20210603,109.11997898014803
20210604,128.2191081623742
20210607,133.33333437802824
20210608,108.0737092127115
20210609,100.80110604391777
20210610,109.32515020387739
20210611,133.03531831310684
20210614,133.01924626642125
20210615,121.12568068356885
20210616,112.99269656944843
20210617,149.62412804670288
20210618,137.9939144568006
20210621,1180.156693583155
20210622,777.0358828995861
20210623,563.9142838190082
20210624,445.6672178241772
20210625,359.5196842000347
20210628,310.20974916254625
20210629,286.556742335025
20210630,261.1569354725184
20210701,222.78955825570952
20210702,213.9756435464222
20210706,208.86875635348312
20210707,198.54152420637772
20210708,182.28650127404848
20210709,168.71816211928223
20210712,153.35426346426044
20210713,144.04825770981512
20210714,142.76722233860835
20210715,139.35247677307603
20210716,130.56344076722868
20210719,112.30021436723302
20210720,118.8418622719801
20210721,116.13998310980386
20210722,128.5957933041911
20210723,117.49091495060853
20210726,110.42002169322618
20210727,102.7684668602313
20210728,103.5028260759482
20210729,99.56583448186191
20210730,111.37464045906717
20210802,109.29769745259614
20210803,107.59217311595006
20210804,114.85074181737684
20210805,100.32978909902081
20210806,100.49677293759083
20210809,99.2567351369076
20210810,105.53203926573954
20210811,109.3376626334453
20210812,107.24907542487901
20210813,106.49172138375351
20210816,108.04420003602547
20210817,110.97162973007002
20210818,105.79504577356528
20210819,125.75441255434006
20210820,141.10029427944312
20210823,117.62337316702119
20210824,106.13009970073779
20210825,93.07472647341538
20210826,83.99779628065752
20210827,75.76017119733463
20210830,77.06836700537096
20210831,66.974467893373
20210901,67.04956514979813
20210902,65.87135095509598
20210903,65.12151772521835
20210907,60.666067649688145
20210908,56.67460941207172
20210909,56.081912742041766
20210910,54.13579401508005
20210913,52.76123871834961
20210914,55.132236287077546
20210915,56.486459751812816
20210916,57.22784107023551
20210917,60.460906570394826
20210920,62.39164792961133
20210921,67.51765830161717
20210922,70.48510204406514
20210923,74.13201280056653
20210924,85.70569871638402
20210927,87.79644219482168
20210928,83.83852983061192
20210929,80.63521416022553
20210930,73.43533779708781
20211001,85.29389908243942
20211004,91.58107723542442
20211005,91.86479712480207
20211006,88.90193082250941
20211007,81.86341301795626
20211008,78.56601984456677
20211011,78.56544098379241
20211012,87.96616243243264
20211013,75.31718193898163
20211014,80.27969656679298
20211015,74.88299597253486
20211018,83.19075415869273
20211019,86.43486342613397
20211020,94.05030081465247
20211021,112.57464858640327
20211022,155.82163021981995
20211025,147.97022430875913
20211026,130.95007009903065
20211027,131.7689629775943
20211028,136.31782712857006
20211029,160.47825903178318
20211101,138.3035271437097
20211102,137.56135550007974
20211103,120.84307016344404
20211104,127.89803971341706
20211105,92.9343763143244
20211108,92.51275132324514
20211109,88.94302571070394
20211110,79.3412599122638
20211111,93.5902951567575
20211112,98.43993446488422
20211115,99.10407982314851
20211116,118.07939303398659
20211117,114.08374373322779
20211118,122.07444281242348
20211119,122.69032071483419
20211122,117.99625644084577
20211123,115.1711692488873
20211124,114.68030143311502
20211126,106.78961903640592
20211129,108.57795468961135
20211130,107.77034134254305
20211201,125.28288661586865
20211202,119.15952126256776
20211203,124.73846668127771
20211206,126.5750657673936
20211207,113.63809987357413
20211208,116.97550505151261
20211209,119.47818842288214
20211210,124.59698544414762
20211213,116.10164386950228
20211214,115.5200945444681
20211215,119.20557162251964
20211216,128.44026439612745
20211217,110.64172999613145
20211220,108.448779936756
20211221,104.77733498126896
20211222,113.15591381534685
20211223,112.54013363528665
20211227,118.29398230782998
20211228,113.49064565249512
20211229,120.06965334948407
20211230,108.56695293829313
20211231,106.54250337258838
20220103,89.11252735578746
20220104,88.98236744179846
20220105,103.96455711091028
20220106,92.44048120676337
20220107,73.8271754250899
20220110,70.08866130572824
20220111,66.55790418636786
20220112,62.01524077866408
20220113,75.02135199411671
20220114,88.92420359618214
20220118,90.8399343026436
20220119,90.92374094842243
20220120,103.67662677464337
20220121,107.73807445336722
20220124,110.15617151434621
20220125,130.76666739143326
20220126,134.8494925215994
20220127,119.87349883408545
20220128,107.67522785968946
20220131,92.709442605053
20220201,89.14804580521978
20220202,108.68560276390029
20220203,159.98380541965827
20220204,145.76701177470454
20220207,146.39353312953318
20220208,172.50749633237106
20220209,154.81363428905468
20220210,151.9756256740496
20220211,142.25686423500227
20220214,137.69846243183832
20220215,134.578026520243
20220216,141.2361277847071
20220217,150.95608733987856
20220218,146.83878197985666
20220222,138.40824034314954
20220223,131.571125430096
20220224,119.09391546351404
20220225,133.10883517156665
20220228,141.39664875089508
20220301,127.16409911630973
20220302,126.38597540389
20220303,128.56693331181611
20220304,144.75585680646336
20220307,170.37722215963808
20220308,174.13293688661201
20220309,141.39203359979612
20220310,157.985772061028
20220311,163.1156222911573
20220314,154.35010691411992
20220315,134.34899320559668
20220316,103.81078965220057
20220317,112.22767945780353
20220318,106.56532428505483
20220321,112.39623726005725
20220322,103.16209165130755
20220323,110.63946327567709
20220324,115.27330580290445
20220325,126.12330019433404
20220328,120.45169276088154
20220329,103.80034897535005
20220330,119.37735914433199
20220331,114.89488186333413
20220401,113.51773980733255
20220404,105.14749955311305
20220405,101.72053513443579
20220406,113.48069538488133
20220407,116.3293953684144
20220408,109.48298965320367
20220411,108.68182547280148
20220412,110.41024412409632
20220413,111.34510193011918
20220414,126.39851123724277
20220418,121.26382257951974
20220419,108.52555543209667
20220420,108.64115280942588
20220421,105.10936516670506
20220422,89.83611849139216
20220425,92.3447896674459
20220426,96.31665779770964
20220427,87.20097303201183
20220428,83.53657608884458
20220429,107.40868794400735
20220502,107.03352121622257
20220503,95.96467444029291
20220504,108.84336480663916
20220505,107.91678967548117
20220506,110.55430440058942
20220509,102.68028717524011
20220510,109.4489677775792
20220511,115.25725192531527
20220512,122.2924371836233
20220513,105.85352205711095
20220516,113.48499810200653
20220517,119.7634697433368
20220518,136.61520625890023
20220519,153.46343890066217
20220520,147.6626583850184
20220523,122.75816813318724
20220524,132.85946446925323
20220525,121.65147696676956
20220526,107.50296284006187
20220527,100.93599973523685
20220531,97.94551208943287
20220601,96.00842402362733
20220602,81.01773492115211
20220603,83.42081432994293
20220606,82.77680099839388
20220607,771.5870872933137
20220608,572.4725573321097
20220609,449.5289033768813
20220610,348.75577123097025
20220613,285.42443324804776
20220614,283.7176542136627
20220615,274.0253293522368
20220616,238.86343236454928
20220617,229.76019570206785
20220621,220.91685295341833
20220622,221.15007415856854
20220623,231.65852004227017
20220624,216.96074129651305
20220627,200.96192887818265
20220628,176.94381242081528
20220629,183.9057294841739
20220630,171.98044792452066
20220701,162.6666728043492
20220705,151.8329049065321
20220706,155.45972852023672
20220707,140.5230348506479
20220708,133.58963992198628
20220711,126.8099051467926
20220712,117.53970982106327
20220713,105.20069286795163
20220714,112.10221359508402
20220715,120.20887992057413
20220718,111.21938210106836
20220719,116.2081162009284
20220720,111.450415207531
20220721,114.9629553482639
20220722,114.54310758091584
20220725,102.70991622466072
20220726,96.3882648961852
20220727,99.31463706508535
20220728,121.40501613603367
20220729,125.16075165507185
20220801,118.31628662327378
20220802,114.30889733912267
20220803,116.03767925267067
20220804,119.8125651595411
20220805,100.01204685549467
20220808,96.86843775643788
20220809,94.60582603987467
20220810,99.21144726581896
20220811,95.95818206548809
20220812,105.56166349466243
20220815,103.64489737601022
20220816,89.99696033891465
20220817,84.48411563653914
20220818,87.50598697065587
20220819,78.05490931143291
20220822,70.40474877600082
20220823,71.3097873205995
20220824,71.48729255622715
20220825,69.22691766541485
20220826,62.84450434551305
20220829,65.33262078709555
20220830,62.87772459263127
20220831,66.42973638218353
20220901,66.6051199545496
20220902,68.11740037451636
20220906,70.41593488528308
20220907,67.76301001608934
20220908,67.71170164437747
20220909,59.463629362307444
20220912,54.01556708807331
20220913,57.19829344308165
20220914,57.078925904493445
20220915,65.76814318012651
20220916,64.94498584978098
20220919,65.27531422898738
20220920,63.964963299863705
20220921,67.73524263656415
20220922,66.06671906280773
20220923,66.38061302452222
20220926,68.28140380580743
20220927,70.88739356556502
20220928,69.81647689623448
20220929,72.06448899128755
20220930,76.76466538141914
20221003,67.9893082256165
20221004,65.85459083774649
20221005,66.72036769843695
20221006,76.9338818805129
20221007,83.8305331334073
20221010,90.53871033916712
20221011,104.85181491537566
20221012,93.31200061695877
20221013,89.43937902718393
20221014,91.79287054075627
20221017,82.4628317472092
20221018,80.90247270312857
20221019,87.55986947204435
20221020,94.1623895591582
20221021,112.44315687788773
20221024,102.49022834764982
20221025,79.19357495456501
20221026,106.45951239150989
20221027,123.2269718795485
20221028,117.5479377622548
20221031,119.36938400297892
20221101,126.13946127434261
20221102,127.57584926782513
20221103,143.09081182663874
20221104,133.583271018893
20221107,122.28261272696481
20221108,125.62634748573959
20221109,141.31685348961756
20221110,114.52839432770772
20221111,107.47303025823885
20221114,115.39448081792045
20221115,122.94389650208481
20221116,110.99193019563836
20221117,113.77304389263219
20221118,102.7677358910937
20221121,106.71468629885729
20221122,108.86393319779151
20221123,95.08558733417493
20221125,92.31809022345573
20221128,99.63481245605344
20221129,96.73440015987799
20221130,79.4988490571229
20221201,82.94078860970487
20221202,82.49206298865467
20221205,80.98409008933133
20221206,75.83600263900627
20221207,75.49576533368901
20221208,76.00033741594768
20221209,69.43027992151772
20221212,68.94672018344892
20221213,75.4253110500085
20221214,78.50546557492672
20221215,75.2104069731298
20221216,83.24972967947046
20221219,82.48918360084258
20221220,79.7321585365238
20221221,91.22218338871947
20221222,89.84592338849717
20221223,87.15292512131869
20221227,93.18896854891756
20221228,90.10958272373654
20221229,78.03244326561213
20221230,73.4948953875222
20230103,73.5200730721935
20230104,87.55452117531851
20230105,97.06216839126944
20230106,97.5375564975412
20230109,75.18608664492864
20230110,77.97437866232433
20230111,72.93580383922925
20230112,72.95337329778876
20230113,78.01485646055346
20230117,67.81847806342572
20230118,69.39062622087329
20230119,62.395216293030764
20230120,61.415970656451165
20230123,61.97375210418208
20230124,63.46634560499909
20230125,62.04077677622233
20230126,64.53222548067467
20230127,68.32375452515996
20230130,73.49867874158116
20230131,68.86793694854865
20230201,63.968614732531634
20230202,76.52258757664372
20230203,78.00892272613531
20230206,74.26730120854228
20230207,75.59735225764454
20230208,80.89364098924528
20230209,79.97689387096534
20230210,73.66475694068477
20230213,78.46025077324249
20230214,71.72293232393689
20230215,72.8714633267996
20230216,71.76038495661982
20230217,71.35456887895857
20230221,71.27874377255203
20230222,71.08592472356698
20230223,72.16238718558041
20230224,75.6666791898458
20230227,73.19900531148879
20230228,73.52532521329717
20230301,75.83009564660045
20230302,70.61982794060397
20230303,67.66793673873359
20230306,71.35206309911293
20230307,70.18308095927
20230308,67.07003060583243
20230309,69.14311596888975
20230310,55.92265346943841
20230313,55.22490828753841
20230314,62.57339865142173
20230315,64.35130690414907
20230316,84.77917299901527
20230317,87.42503384322643
20230320,67.19761470756596
20230321,61.97690062868503
20230322,64.96569695330797
20230323,72.95108193003962
20230324,77.76793261745513
20230327,68.61811325590818
20230328,75.10373401196516
20230329,78.26641153733222
20230330,80.1818537972151
20230331,73.57030444763939
20230403,63.40124871613536
20230404,64.84400466954096
20230405,60.13860249800057
20230406,73.88975622687418
20230410,62.67763330788662
20230411,48.972210631708776
20230412,55.88566426592379
20230413,60.62445194295856
20230414,66.01712278994
20230417,63.34021133267525
20230418,68.98851439545768
20230419,76.30226953490151
20230420,72.29516944673765
20230421,69.72073848096409
20230424,67.89626600802109
20230425,63.153351173611426
20230426,91.30318261473357
20230427,98.87912101813268
20230428,86.21119950565912
20230501,94.6325382224004
20230502,104.38254945782694
20230503,99.45890492250234
20230504,111.3168073739025
20230505,108.16033969844051
20230508,105.38159335043166
20230509,95.16528735919955
20230510,107.36253709410937
20230511,104.78894177501178
20230512,92.3283967058959
20230515,89.56582600238566
20230516,97.13632272982746
20230517,82.85466305998298
20230518,87.5980944481149
20230519,88.56095501332314
20230522,90.83527084900426
20230523,75.5011134414026
20230524,71.63746282828706
20230525,98.31599701676708
20230526,98.21173500639362
20230530,98.3161836314987
20230531,89.63887732527645
20230601,97.5943320591904
20230602,91.56055629649305
20230605,90.32488627440037
20230606,86.02917524102334
20230607,67.5322548279162
20230608,65.10495731089705
20230609,65.29214466347278
20230612,71.18818891372962
20230613,76.91343699661223
20230614,94.43889543035544
20230615,100.91581659464259
20230616,92.03391078273445
20230620,77.33062733977916
20230621,65.67230519203312
20230622,70.137277018093
20230623,67.63893965640656
20230626,58.29491878074802
20230627,60.35763930974298
20230628,62.007930706585086
20230629,59.08721940561837
20230630,63.12057941560809
20230703,60.46336811395474
20230705,62.03039057326231
20230706,64.94046505695287
20230707,65.12652485869107
20230710,64.73570904040162
20230711,66.06741109621576
20230712,71.71837690907878
20230713,79.62305550238719
20230714,64.57883573410498
20230717,77.78196534256674
20230718,78.86425281643997
20230719,66.54120621157637
20230720,52.95643743007509
20230721,46.366009492924505
20230724,48.956521156684964
20230725,56.811040106076334
20230726,53.26267379990986
20230727,61.438368047182955
20230728,70.22818314585325
20230731,61.000390990687094
20230801,83.49585140576212
20230802,84.84717665621774
20230803,80.75772196126249
20230804,72.71726650515981
20230807,81.27452849038974
20230808,90.81854330018894
20230809,88.77356557217406
20230810,89.49893691197394
20230811,81.12358821590118
20230814,74.4163706048546
20230815,73.54916536713142
20230816,70.24338803571312
20230817,73.32946258568555
20230818,70.33432492123217
20230821,65.79434634166613
20230822,65.54712565865808
20230823,65.25210198518178
20230824,57.3720829996546
20230825,58.88262354095065
20230828,59.46387353494284
20230829,58.93550692084112
20230830,61.03130417188176
20230831,64.05936010774656
20230901,65.86863988471228
20230905,63.361071497055704
20230906,67.08602481624001
20230907,62.06170211733373
20230908,64.85614245625264
20230911,65.22402988295092
20230912,54.30145922530063
20230913,49.406301007386716
20230914,51.67231449649933
20230915,48.19653736299729
20230918,48.13077415173484
20230919,49.864230675146786
20230920,49.73987329994985
20230921,51.16257557112134
20230922,49.39919176079347
20230925,50.88982541802813
20230926,52.06442822391549
20230927,60.873797596514834
20230928,60.80291168675011
20230929,55.17668349578588
20231002,62.30804819885638
20231003,69.68309732100873
20231004,69.34984474593901
20231005,77.53309538460064
20231006,80.85907137112355
20231009,80.25530554078728
20231010,68.97958609469399
20231011,81.53032088314707
20231012,87.86652232429734
20231013,95.82002448450153
20231016,87.19143565625207
20231017,88.89398900187007
20231018,112.57582200725233
20231019,107.2365971617806
20231020,89.46794932100727
20231023,76.08213319553018
20231024,73.82935352624679
20231025,87.44196282191791
20231026,86.70243686020154
20231027,88.40129226770102
20231030,86.15343466307736
20231031,89.17491269128692
20231101,89.25841695265578
20231102,75.4792160027605
20231103,71.2775702288504
20231106,78.73749823559852
20231107,84.61521739131092
20231108,83.64454172032657
20231109,89.0336663701006
20231110,95.64678221349136
20231113,90.2570584067409
20231114,75.73717323590324
20231115,74.83997037018028
20231116,98.16161630206801
20231117,84.00065709106042
20231120,90.8846103973584
20231121,89.89012683675415
20231122,94.67486455077534
20231124,89.67593746269854
20231127,92.2295936795344
20231128,89.79039424870284
20231129,85.4701896679338
20231130,93.53554594627286
20231201,87.74036160155094
20231204,84.40675056441675
20231205,93.35451276021621
20231206,86.23499440621003
20231207,81.35773293961422
20231208,82.15802127133931
20231211,73.72769456337348
20231212,79.34661557236537
20231213,74.29483438415761
20231214,73.92048748037641
20231215,76.29113451748658
20231218,70.94731407879243
20231219,77.56686738049983
20231220,74.73977295198969
20231221,78.76756085777366
20231222,85.5102163427152
20231226,82.92884711154417
20231227,84.10141239967321
20231228,85.5916373448423
20231229,82.59931205178772
20240102,80.96360526732778
20240103,75.46525460495461
20240104,82.06412887701987
20240105,89.91629913277461
20240108,95.58750624588409
20240109,89.95273278588573
20240110,88.78226198995928
20240111,84.20541510564112
20240112,87.74766738921495
20240116,99.99974113097886
20240117,92.74150944814807
20240118,97.29960752613849
20240119,135.976810748511
20240122,132.01877710085958
20240123,116.41565282080394
20240124,112.51167940951416
20240125,121.98422403211035
20240126,131.3011940710574
20240129,122.49497770493805
20240130,125.01935818914126
20240131,109.96140633793196
20240201,125.8255345189092
20240202,130.24293596053946
20240205,130.78137782521046
20240206,120.78057856092406
20240207,127.31200330947618
20240208,126.38018532969394
20240209,122.37860388661113
20240212,113.18731941262263
20240213,114.53394470228406
20240214,113.49893654903957
20240215,112.17735959130935
20240216,114.33973497305388
20240220,110.55017301757054
20240221,96.13417844012199
20240222,111.20058204351986
20240223,104.80448799060913
20240226,110.53488873707464
20240227,619.3041725490348
20240228,506.21583547988917
20240229,439.0305234139644
20240301,386.74563107647384
20240304,341.6194384223258
20240305,292.6826209747682
20240306,272.5652450072377
20240307,262.05211370917146
20240308,234.2544510978947
20240311,212.05756975211776
20240312,202.30159729404855
20240313,192.0003228157214
20240314,177.33078728774726
20240315,170.52518252600373
20240318,166.8526477508353
20240319,159.44087393872104
20240320,154.688655989601
20240321,152.17935847652623
20240322,142.79488386821816
20240325,136.9500777147351
20240326,130.0510257097383
20240327,133.18483679268786
20240328,130.6062666085055
20240401,127.0529056494559
20240402,123.97814336535941
20240403,129.96458242048965
20240404,122.78339341596242
20240405,128.58486374867533
20240408,112.48954579551483
20240409,110.49345999403701
20240410,106.59120736756529
20240411,106.73317731748618
20240412,106.43828895212656
20240415,106.8184650635122
20240416,101.71198579745861
20240417,113.22650785280521
20240418,106.65837052966158
20240419,101.4057728055213
20240422,99.31494361702968
20240423,104.30444530878955
20240424,106.58196300502993
20240425,110.52791062767311
20240426,114.6255909770028
20240429,115.6779714724367
20240430,113.08072462241424
20240501,97.69401335305602
20240502,95.8698352936233
20240503,116.30168527802473
20240506,108.24718090788382
20240507,114.49917416758177
20240508,115.03527585159227
20240509,117.37349419449056
20240510,115.59521028517857
20240513,111.82538156151172
20240514,112.893812881095
20240515,123.07607156937476
20240516,108.53785645912092
20240517,98.81175860827756
20240520,112.09128220649299
20240521,108.21007894431827
20240522,98.50430001608584
20240523,107.4252170927893
20240524,110.28313957536574
20240528,123.67594575799752
20240529,132.356370635905
20240530,116.38314153473291
20240531,109.31981949873621
20240603,123.75657818953447
20240604,133.49498213033525
20240605,148.6729770961911
20240606,135.46628417737477
20240607,126.6330644234364
20240610,123.02964371567415
20240611,319.3633606362266
20240612,308.2290414079238
20240613,271.76012181921135
20240614,238.2871898316847
20240617,229.10262398633017
20240618,213.40283566829825
20240620,194.37980032339362
20240621,183.59913619736838
20240624,181.56743291113494
20240625,180.61097470961283
20240626,166.84207125199816
20240627,158.58322613658052
20240628,158.64426352027323
20240701,156.04800145347198
20240702,151.33012149868682
20240703,145.9684975399188
20240705,144.7393831672899
20240708,137.60939140331195
20240709,129.90552446815252
20240710,126.95003177900843
20240711,115.93197924101295
20240712,114.43061637718162
20240715,118.02353844733108
20240716,128.16114122028424
20240717,122.19129132990366
20240718,112.43551673792282
20240719,108.71839512371423
20240722,104.44503704352208
20240723,108.4471282768134
20240724,102.00554306287557
20240725,111.26084752300137
20240726,116.64615539920723
20240729,109.11672486359149
20240730,116.28181194974465
20240731,111.67351129061888
20240801,109.4617635455056
20240802,109.98335554134871
20240805,98.58378855531132
20240806,108.48384257725455
20240807,109.83636036165939
20240808,108.60355446825905
20240809,101.27484533444674
20240812,97.42498296619539
20240813,100.03971266733102
20240814,98.79145377546013
20240815,100.9436519906792
20240816,102.55855322955264
